{"cameraMode":{"drawMode":0,"name":"Shaded","section":"Shading Mode"},"sceneLighting":false,"audioPlay":false,"sceneViewState":{"m_AlwaysRefresh":false,"showFog":true,"showSkybox":false,"showFlares":true,"showImageEffects":true,"showParticleSystems":true,"showVisualEffectGraphs":true,"m_FxEnabled":true},"in2DMode":false,"pivot":{"x":0.2624768614768982,"y":0.5370005369186401,"z":4.142276287078857},"rotation":{"x":0.010363847948610783,"y":-0.8468839526176453,"z":0.016516415402293206,"w":0.5314232110977173},"size":1.5124483108520508,"orthographic":false}