{"cameraMode":{"drawMode":0,"name":"Shaded","section":"Shading Mode"},"sceneLighting":false,"audioPlay":false,"sceneViewState":{"m_AlwaysRefresh":false,"showFog":true,"showSkybox":false,"showFlares":true,"showImageEffects":true,"showParticleSystems":true,"showVisualEffectGraphs":true,"m_FxEnabled":true},"in2DMode":false,"pivot":{"x":0.3003261089324951,"y":0.6605417728424072,"z":19.81207275390625},"rotation":{"x":0.0064597236923873428,"y":-0.9817225337028503,"z":0.03388286754488945,"w":0.18717435002326966},"size":1.815199851989746,"orthographic":false}