{"cameraMode":{"drawMode":0,"name":"Shaded","section":"Shading Mode"},"sceneLighting":true,"audioPlay":false,"sceneViewState":{"m_AlwaysRefresh":false,"showFog":true,"showSkybox":true,"showFlares":true,"showImageEffects":true,"showParticleSystems":true,"showVisualEffectGraphs":true,"m_FxEnabled":true},"in2DMode":false,"pivot":{"x":7.001498222351074,"y":7.886460781097412,"z":11.666189193725586},"rotation":{"x":0.25308850407600405,"y":-0.16559843719005586,"z":0.04401765018701553,"w":0.9521498680114746},"size":1.5124483108520508,"orthographic":false}